Series Family,Series Code
GR86,T86
Corolla,GRA
Supra,SUP
Prius,PRS
Prius,PHV
Corolla,CHB
Corolla,COR
Corolla,COH
Camry,CAM
Camry,CAH
Mirai,MIR
Crown,CWN
C-HR,BZ3
bZ,BZ4
bZ,BZD
Corolla Cross,CCR
Corolla Cross,CCH
RAV,RAV
RAV,RAH
RAV,RAP
Crown,CWS
Venza,VEH
Highlander,HIG
Highlander,HIH
Highlander,BZ5
Highlander,GHI
Highlander,GHH
Sienna,SIH
4Runner,RNR
4Runner,RNH
Land Cruiser,PRD
Sequoia,SEH
Tacoma,CP2
Tacoma,CP4
Tacoma,CPH
Tundra,TP2
Tundra,TP4
Tundra,TPH
Land Cruiser,L/C
IS,IS
RC,RC
RC,RCF
ES,ES
ES,ESE
ES,ESH
LC,LCC
LC,LCH
LC,LCV
LS,LS
LS,LSH
UX,UXH
NX,NX
NX,NXH
NX,NXP
RX,RX
RX,RXH
RX,RXP
RZ,RZ
TX,TX
TZ,TZ
TX,TXH
TX,TXP
GX,GX
GX,GXH
LX,LX
LX,LXH
RX,RXL
IS,ISH
IS,ISF
RX,RHL
IS,ISC
HS,HS
GS,GSH
GS,GSF
GS,GS4
GS,GS3
GS,GS
LF,LFR
LF,LFH
LF,LFC
LFA,LFA
CT,CT
SC,SC
UX,UX
FR-S,FRS
iM,IM
iQ,IQ
tC,TC
xB,XB
xD,XD
Corolla,AES
Avalon,AVA
Celica,CEL
C-HR,CHR
Corolla,CIM
Cressida,CRE
Echo,ECH
Echo,EHB
FJ Cruiser,FJC
Matrix,MAT
MR2,MR2
Prius,PRC
Previa,PRE
Prius,PRI
Prius,PRV
Paseo,PSO
Sequoia,SEQ
Sienna,SIE
Solara,SLA
Tercel,TER
Venza,VEN
Yaris,YAH
Yaris,YAS
Panel/Cargo Van,YRC
Starlet,KP
Corona,RT
Sport 800,UP
